State,Year,Dem,Rep,Other ,2PDem,2PRep,PV Dem,PV Rep
Alabama,1964,0,69.45,test,0,1,,
Alaska,1964,65.91,34.09,,0.6591,0.3409,,
Arizona,1964,49.45,50.45,,0.494994995,0.505005005,,
Arkansas,1964,56.06,43.41,,0.563587011,0.436412989,,
California,1964,59.11,40.79,,0.591691692,0.408308308,,
Colorado,1964,61.27,38.19,,0.616026543,0.383973457,,
Connecticut,1964,67.81,32.09,,0.678778779,0.321221221,,
Delaware,1964,60.95,38.78,,0.611150105,0.388849895,,
Washington DC,1964,85.5,14.5,,0.855,0.145,,
Florida,1964,51.15,48.85,,0.5115,0.4885,,
Georgia,1964,45.87,54.12,,0.458745875,0.541254125,,
Hawaii,1964,78.76,21.24,,0.7876,0.2124,,
Idaho,1964,50.92,49.08,,0.5092,0.4908,,
Illinois,1964,59.47,40.53,,0.5947,0.4053,,
Indiana,1964,55.98,43.56,,0.56238698,0.43761302,,
Iowa,1964,61.88,37.92,,0.62004008,0.37995992,,
Kansas,1964,54.09,45.06,,0.545537065,0.454462935,,
Kentucky,1964,64.01,35.65,,0.642283765,0.357716235,,
Louisiana,1964,43.19,56.81,,0.4319,0.5681,,
Maine,1964,68.84,31.16,,0.6884,0.3116,,
Maryland,1964,65.47,34.53,,0.6547,0.3453,,
Massachusetts,1964,76.19,23.44,,0.764729499,0.235270501,,
Michigan,1964,66.7,33.1,,0.668336673,0.331663327,,
Minnesota,1964,63.76,36,,0.639133921,0.360866079,,
Mississippi,1964,12.86,87.14,,0.1286,0.8714,,
Missouri,1964,64.05,35.95,,0.6405,0.3595,,
Montana,1964,58.95,40.57,,0.592343248,0.407656752,,
Nebraska,1964,52.61,47.39,,0.5261,0.4739,,
Nevada,1964,58.58,41.42,,0.5858,0.4142,,
New Hampshire,1964,63.89,36.11,,0.6389,0.3611,,
New Jersey,1964,65.61,33.86,,0.659595858,0.340404142,,
New Mexico,1964,59.03,40.42,,0.593564605,0.406435395,,
New York,1964,68.56,31.31,,0.68649244,0.31350756,,
North Carolina,1964,56.15,43.85,,0.5615,0.4385,,
North Dakota,1964,57.97,41.88,,0.580570856,0.419429144,,
Ohio,1964,62.94,37.06,,0.6294,0.3706,,
Oklahoma,1964,55.75,44.25,,0.5575,0.4425,,
Oregon,1964,63.72,35.96,,0.639245586,0.360754414,,
Pennsylvania,1964,64.92,34.7,,0.65167637,0.34832363,,
Rhode Island,1964,80.87,19.13,,0.8087,0.1913,,
South Carolina,1964,41.11,58.89,,0.4111,0.5889,,
South Dakota,1964,55.61,44.39,,0.5561,0.4439,,
Tennessee,1964,55.5,44.49,,0.555055506,0.444944494,,
Texas,1964,63.32,36.49,,0.63440537,0.36559463,,
Utah,1964,54.71,45.29,,0.5471,0.4529,,
Vermont,1964,66.3,33.69,,0.663066307,0.336933693,,
Virginia,1964,53.54,46.18,,0.536903329,0.463096671,,
Washington,1964,61.97,37.37,,0.623817193,0.376182807,,
West Virginia,1964,67.94,32.06,,0.6794,0.3206,,
Wisconsin,1964,62.09,37.74,,0.621957327,0.378042673,,
Wyoming,1964,56.56,43.44,,0.5656,0.4344,,
Alabama,1968,18.72,13.99,,0.572302048,0.427697952,,
Alaska,1968,42.65,45.28,,0.485044922,0.514955078,,
Arizona,1968,35.02,54.78,,0.389977728,0.610022272,,
Arkansas,1968,30.36,30.77,,0.496646491,0.503353509,,
California,1968,44.74,47.82,,0.483362143,0.516637857,,
Colorado,1968,41.32,50.46,,0.450207017,0.549792983,,
Connecticut,1968,49.48,44.32,,0.52750533,0.47249467,,
Delaware,1968,41.61,45.12,,0.479764787,0.520235213,,
Washington DC,1968,81.82,18.18,,0.8182,0.1818,,
Florida,1968,30.93,40.53,,0.432829555,0.567170445,,
Georgia,1968,26.75,30.4,,0.468066492,0.531933508,,
Hawaii,1968,59.83,38.7,,0.607226226,0.392773774,,
Idaho,1968,30.66,56.79,,0.350600343,0.649399657,,
Illinois,1968,44.15,47.08,,0.483941686,0.516058314,,
Indiana,1968,37.99,50.29,,0.430335297,0.569664703,,
Iowa,1968,40.82,53.01,,0.435042097,0.564957903,,
Kansas,1968,34.72,54.84,,0.387673068,0.612326932,,
Kentucky,1968,37.65,43.79,,0.462303536,0.537696464,,
Louisiana,1968,28.21,23.47,,0.545859133,0.454140867,,
Maine,1968,55.3,43.07,,0.562163261,0.437836739,,
Maryland,1968,43.59,41.94,,0.509645738,0.490354262,,
Massachusetts,1968,63.01,32.89,,0.657038582,0.342961418,,
Michigan,1968,48.18,41.46,,0.537483266,0.462516734,,
Minnesota,1968,54,41.46,,0.565681961,0.434318039,,
Mississippi,1968,23.02,13.52,,0.629994527,0.370005473,,
Missouri,1968,43.74,44.87,,0.493623744,0.506376256,,
Montana,1968,41.59,50.6,,0.451133529,0.548866471,,
Nebraska,1968,31.81,59.82,,0.347157045,0.652842955,,
Nevada,1968,39.29,47.46,,0.452910663,0.547089337,,
New Hampshire,1968,43.93,52.1,,0.45746121,0.54253879,,
New Jersey,1968,43.97,46.1,,0.488175863,0.511824137,,
New Mexico,1968,39.74,51.84,,0.433937541,0.566062459,,
New York,1968,49.74,44.29,,0.528980113,0.471019887,,
North Carolina,1968,29.24,39.51,,0.425309091,0.574690909,,
North Dakota,1968,38.23,55.94,,0.40596793,0.59403207,,
Ohio,1968,42.95,45.23,,0.487071898,0.512928102,,
Oklahoma,1968,31.99,47.68,,0.401531317,0.598468683,,
Oregon,1968,43.78,49.83,,0.467685076,0.532314924,,
Pennsylvania,1968,47.59,44.02,,0.519484772,0.480515228,,
Rhode Island,1968,64.03,31.78,,0.668301847,0.331698153,,
South Carolina,1968,29.61,38.09,,0.437370753,0.562629247,,
South Dakota,1968,41.96,53.27,,0.440617452,0.559382548,,
Tennessee,1968,28.13,37.85,,0.426341316,0.573658684,,
Texas,1968,41.14,39.88,,0.507775858,0.492224142,,
Utah,1968,37.07,56.49,,0.396216332,0.603783668,,
Vermont,1968,43.53,52.75,,0.45211882,0.54788118,,
Virginia,1968,32.49,43.36,,0.428345419,0.571654581,,
Washington,1968,47.23,45.12,,0.511423931,0.488576069,,
West Virginia,1968,49.6,40.78,,0.548793981,0.451206019,,
Wisconsin,1968,44.27,47.89,,0.480360243,0.519639757,,
Wyoming,1968,35.51,55.76,,0.38906541,0.61093459,,
Alabama,1972,73.93,26.07,,0.7393,0.2607,,
Alaska,1972,62.67,37.33,,0.6267,0.3733,,
Arizona,1972,66.98,33.02,,0.6698,0.3302,,
Arkansas,1972,69.17,30.83,,0.6917,0.3083,,
California,1972,56.97,43.03,,0.5697,0.4303,,
Colorado,1972,64.41,35.59,,0.6441,0.3559,,
Connecticut,1972,59.34,40.66,,0.5934,0.4066,,
Delaware,1972,60.33,39.67,,0.6033,0.3967,,
Washington DC,1972,21.63,78.37,,0.2163,0.7837,,
Florida,1972,72.12,27.88,,0.7212,0.2788,,
Georgia,1972,75.28,24.72,,0.7528,0.2472,,
Hawaii,1972,62.48,37.52,,0.6248,0.3752,,
Idaho,1972,71.16,28.84,,0.7116,0.2884,,
Illinois,1972,59.3,40.7,,0.593,0.407,,
Indiana,1972,66.48,33.52,,0.6648,0.3352,,
Iowa,1972,58.73,41.27,,0.5873,0.4127,,
Kansas,1972,69.63,30.37,,0.6963,0.3037,,
Kentucky,1972,64.57,35.43,,0.6457,0.3543,,
Louisiana,1972,69.73,30.27,,0.6973,0.3027,,
Maine,1972,61.49,38.51,,0.6149,0.3851,,
Maryland,1972,62.12,37.88,,0.6212,0.3788,,
Massachusetts,1972,45.49,54.51,,0.4549,0.5451,,
Michigan,1972,57.34,42.66,,0.5734,0.4266,,
Minnesota,1972,52.82,47.18,,0.5282,0.4718,,
Mississippi,1972,79.94,20.06,,0.7994,0.2006,,
Missouri,1972,62.34,37.66,,0.6234,0.3766,,
Montana,1972,60.48,39.52,,0.6048,0.3952,,
Nebraska,1972,70.5,29.5,,0.705,0.295,,
Nevada,1972,63.68,36.32,,0.6368,0.3632,,
New Hampshire,1972,64.73,35.27,,0.6473,0.3527,,
New Jersey,1972,62.61,37.39,,0.6261,0.3739,,
New Mexico,1972,62.55,37.45,,0.6255,0.3745,,
New York,1972,58.69,41.31,,0.5869,0.4131,,
North Carolina,1972,70.63,29.37,,0.7063,0.2937,,
North Dakota,1972,63.43,36.57,,0.6343,0.3657,,
Ohio,1972,61.03,38.97,,0.6103,0.3897,,
Oklahoma,1972,75.44,24.56,,0.7544,0.2456,,
Oregon,1972,55.34,44.66,,0.5534,0.4466,,
Pennsylvania,1972,60.17,39.83,,0.6017,0.3983,,
Rhode Island,1972,53.1,46.9,,0.531,0.469,,
South Carolina,1972,71.86,28.14,,0.7186,0.2814,,
South Dakota,1972,54.33,45.67,,0.5433,0.4567,,
Tennessee,1972,69.47,30.53,,0.6947,0.3053,,
Texas,1972,66.57,33.43,,0.6657,0.3343,,
Utah,1972,71.93,28.07,,0.7193,0.2807,,
Vermont,1972,63.21,36.79,,0.6321,0.3679,,
Virginia,1972,69.25,30.75,,0.6925,0.3075,,
Washington,1972,59.56,40.44,,0.5956,0.4044,,
West Virginia,1972,63.61,36.39,,0.6361,0.3639,,
Wisconsin,1972,54.98,45.02,,0.5498,0.4502,,
Wyoming,1972,69.37,30.63,,0.6937,0.3063,,
Alabama,1976,43.33,56.67,,0.4333,0.5667,,
Alaska,1976,61.89,38.11,,0.6189,0.3811,,
Arizona,1976,58.61,41.39,,0.5861,0.4139,,
Arkansas,1976,34.95,65.05,,0.3495,0.6505,,
California,1976,50.92,49.08,,0.5092,0.4908,,
Colorado,1976,55.94,44.06,,0.5594,0.4406,,
Connecticut,1976,52.61,47.39,,0.5261,0.4739,,
Delaware,1976,47.25,52.75,,0.4725,0.5275,,
Washington DC,1976,16.82,83.18,,0.1682,0.8318,,
Florida,1976,47.32,52.68,,0.4732,0.5268,,
Georgia,1976,33.06,66.94,,0.3306,0.6694,,
Hawaii,1976,48.72,51.28,,0.4872,0.5128,,
Idaho,1976,61.73,38.27,,0.6173,0.3827,,
Illinois,1976,51,49,,0.51,0.49,,
Indiana,1976,53.85,46.15,,0.5385,0.4615,,
Iowa,1976,50.52,49.48,,0.5052,0.4948,,
Kansas,1976,53.88,46.12,,0.5388,0.4612,,
Kentucky,1976,46.35,53.65,,0.4635,0.5365,,
Louisiana,1976,47.04,52.96,,0.4704,0.5296,,
Maine,1976,50.43,49.57,,0.5043,0.4957,,
Maryland,1976,46.96,53.04,,0.4696,0.5304,,
Massachusetts,1976,41.89,58.11,,0.4189,0.5811,,
Michigan,1976,52.74,47.26,,0.5274,0.4726,,
Minnesota,1976,43.36,56.64,,0.4336,0.5664,,
Mississippi,1976,49.03,50.97,,0.4903,0.5097,,
Missouri,1976,48.16,51.84,,0.4816,0.5184,,
Montana,1976,53.78,46.22,,0.5378,0.4622,,
Nebraska,1976,60.62,39.38,,0.6062,0.3938,,
Nevada,1976,52.27,47.73,,0.5227,0.4773,,
New Hampshire,1976,55.74,44.26,,0.5574,0.4426,,
New Jersey,1976,51.1,48.9,,0.511,0.489,,
New Mexico,1976,51.24,48.76,,0.5124,0.4876,,
New York,1976,47.78,52.22,,0.4778,0.5222,,
North Carolina,1976,44.47,55.53,,0.4447,0.5553,,
North Dakota,1976,53,47,,0.53,0.47,,
Ohio,1976,49.86,50.14,,0.4986,0.5014,,
Oklahoma,1976,50.62,49.38,,0.5062,0.4938,,
Oregon,1976,50.09,49.91,,0.5009,0.4991,,
Pennsylvania,1976,48.64,51.36,,0.4864,0.5136,,
Rhode Island,1976,44.33,55.67,,0.4433,0.5567,,
South Carolina,1976,43.43,56.57,,0.4343,0.5657,,
South Dakota,1976,50.74,49.26,,0.5074,0.4926,,
Tennessee,1976,43.43,56.57,,0.4343,0.5657,,
Texas,1976,48.4,51.6,,0.484,0.516,,
Utah,1976,64.98,35.02,,0.6498,0.3502,,
Vermont,1976,55.77,44.23,,0.5577,0.4423,,
Virginia,1976,50.69,49.31,,0.5069,0.4931,,
Washington,1976,52.02,47.98,,0.5202,0.4798,,
West Virginia,1976,41.93,58.07,,0.4193,0.5807,,
Wisconsin,1976,49.14,50.86,,0.4914,0.5086,,
Wyoming,1976,59.83,40.17,,0.5983,0.4017,,
Alabama,1980,48.75,47.45, 1.23%,0.506756757,0.493243243,,
Alaska,1980,54.35,26.41, 7.04%,0.672981674,0.327018326,,
Arizona,1980,60.61,0.28, 8.81%,0.995362311,0.004637689,,
Arkansas,1980,48.13,0.48, 2.68%,0.990223268,0.009776732,,
California,1980,52.69,0.36, 8.62%,0.993230799,0.006769201,,
Colorado,1980,0.55,0.31, 11.03%,0.639308103,0.360691897,,
Connecticut,1980,0.48,0.39, 12.22%,0.55560683,0.44439317,,
Delaware,1980,0.47,0.45, 6.91%,0.512706342,0.487293658,,
Washington DC,1980,0.13,0.75, 9.28%,0.15186863,0.84813137,,
Florida,1980,0.56,0.39, 5.14%,0.590512657,0.409487343,,
Georgia,1980,0.41,0.56, 2.26%,0.423430876,0.576569124,,
Hawaii,1980,0.43,0.45, 10.56%,0.489167617,0.510832383,,
Idaho,1980,0.66,0.25, 6.19%,0.725150027,0.274849973,,
Illinois,1980,0.5,0.42, 7.30%,0.543394987,0.456605013,,
Indiana,1980,0.56,0.38, 4.98%,0.598014094,0.401985906,,
Iowa,1980,0.51,0.39, 8.78%,0.570681793,0.429318207,,
Kansas,1980,0.58,0.33, 6.96%,0.634737766,0.365262234,,
Kentucky,1980,0.49,0.48, 2.40%,0.507550683,0.492449317,,
Louisiana,1980,0.51,0.46, 1.70%,0.528107272,0.471892728,,
Maine,1980,0.46,0.42, 10.20%,0.519121329,0.480878671,,
Maryland,1980,0.44,0.47, 7.76%,0.483793254,0.516206746,,
Massachusetts,1980,0.42,0.42, 15.15%,0.500896593,0.499103407,,
Michigan,1980,0.49,0.43, 7.04%,0.535468357,0.464531643,,
Minnesota,1980,0.43,0.47, 8.53%,0.477880081,0.522119919,,
Mississippi,1980,0.49,0.48, 1.35%,0.506819813,0.493180187,,
Missouri,1980,0.51,0.44, 3.71%,0.535650717,0.464349283,,
Montana,1980,0.57,0.32, 8.05%,0.636638655,0.363361345,,
Nebraska,1980,0.66,0.26, 7.02%,0.715627389,0.284372611,,
Nevada,1980,0.63,0.27, 7.12%,0.699317902,0.300682098,,
New Hampshire,1980,0.58,0.28, 12.94%,0.67069346,0.32930654,,
New Jersey,1980,0.52,0.39, 7.88%,0.574063846,0.425936154,,
New Mexico,1980,0.55,0.37, 6.46%,0.599128065,0.400871935,,
New York,1980,0.47,0.44, 7.54%,0.514726972,0.485273028,,
North Carolina,1980,0.49,0.47, 2.85%,0.510986733,0.489013267,,
North Dakota,1980,0.64,0.26, 7.84%,0.709802188,0.290197812,,
Ohio,1980,0.52,0.41, 5.94%,0.557346895,0.442653105,,
Oklahoma,1980,0.61,0.35, 3.33%,0.633706924,0.366293076,,
Oregon,1980,0.48,0.39, 9.51%,0.555517241,0.444482759,,
Pennsylvania,1980,0.5,0.42, 6.42%,0.538611926,0.461388074,,
Rhode Island,1980,0.37,0.48, 14.38%,0.438317427,0.561682573,,
South Carolina,1980,0.5,0.48, 1.59%,0.507837312,0.492162688,,
South Dakota,1980,0.61,0.32, 6.54%,0.656365214,0.343634786,,
Tennessee,1980,0.49,0.48, 2.22%,0.501493152,0.498506848,,
Texas,1980,0.55,0.41, 2.46%,0.571664943,0.428335057,,
Utah,1980,0.73,0.21, 5.01%,0.779622884,0.220377116,,
Vermont,1980,0.44,0.38, 14.90%,0.535999034,0.464000966,,
Virginia,1980,0.53,0.4, 5.11%,0.56813799,0.43186201,,
Washington,1980,0.5,0.37, 10.62%,0.570935847,0.429064153,,
West Virginia,1980,0.45,0.5, 4.30%,0.476290611,0.523709389,,
Wisconsin,1980,0.48,0.43, 7.07%,0.525911287,0.474088713,,
Wyoming,1980,0.63,0.28, 6.83%,0.691314424,0.308685576,,
Alabama,1984,0.3828,0.6054,,0.387370978,0.612629022,,
Alaska,1984,0.2987,0.6665,,0.30946954,0.69053046,,
Arizona,1984,0.3254,0.6642,,0.328819725,0.671180275,,
Arkansas,1984,0.3829,0.6046,,0.387746835,0.612253165,,
California,1984,0.4127,0.5751,,0.417797125,0.582202875,,
Colorado,1984,0.3512,0.6344,,0.356331169,0.643668831,,
Connecticut,1984,0.3883,0.6073,,0.390016071,0.609983929,,
Delaware,1984,0.8538,0.1373,,0.861467057,0.138532943,,
Washington DC,1984,0.3993,0.5978,,0.400461338,0.599538662,,
Florida,1984,0.3466,0.6532,,0.346669334,0.653330666,,
Georgia,1984,0.3978,0.6017,,0.397998999,0.602001001,,
Hawaii,1984,0.4382,0.551,,0.44298423,0.55701577,,
Idaho,1984,0.2639,0.7236,,0.267240506,0.732759494,,
Illinois,1984,0.433,0.5617,,0.435307128,0.564692872,,
Indiana,1984,0.3768,0.6167,,0.379265224,0.620734776,,
Iowa,1984,0.4589,0.5327,,0.462787414,0.537212586,,
Kansas,1984,0.326,0.6627,,0.329725903,0.670274097,,
Kentucky,1984,0.394,0.6001,,0.396338397,0.603661603,,
Louisiana,1984,0.3818,0.6077,,0.38585144,0.61414856,,
Maine,1984,0.3878,0.6083,,0.389318342,0.610681658,,
Maryland,1984,0.4702,0.5251,,0.472420376,0.527579624,,
Massachusetts,1984,0.4843,0.5122,,0.486001004,0.513998996,,
Michigan,1984,0.3186,0.6772,,0.319943764,0.680056236,,
Minnesota,1984,0.4972,0.4954,,0.50090671,0.49909329,,
Mississippi,1984,0.3742,0.6188,,0.376837865,0.623162135,,
Missouri,1984,0.3998,0.6002,,0.3998,0.6002,,
Montana,1984,0.3818,0.6047,,0.387024835,0.612975165,,
Nebraska,1984,0.2881,0.7055,,0.289955717,0.710044283,,
Nevada,1984,0.3197,0.6685,,0.323517507,0.676482493,,
New Hampshire,1984,0.3094,0.6864,,0.310704961,0.689295039,,
New Jersey,1984,0.392,0.6009,,0.394803102,0.605196898,,
New Mexico,1984,0.3923,0.597,,0.39654301,0.60345699,,
New York,1984,0.4583,0.4961,,0.480196982,0.519803018,,
North Carolina,1984,0.3789,0.619,,0.379697364,0.620302636,,
North Dakota,1984,0.338,0.6484,,0.342660178,0.657339822,,
Ohio,1984,0.4014,0.589,,0.405290792,0.594709208,,
Oklahoma,1984,0.3067,0.6861,,0.308924255,0.691075745,,
Oregon,1984,0.4374,0.5591,,0.438936277,0.561063723,,
Pennsylvania,1984,0.4599,0.5334,,0.463002114,0.536997886,,
Rhode Island,1984,0.4802,0.5166,,0.481741573,0.518258427,,
South Carolina,1984,0.3557,0.6355,,0.35885795,0.64114205,,
South Dakota,1984,0.3653,0.63,,0.367025018,0.632974982,,
Tennessee,1984,0.4157,0.5784,,0.418167186,0.581832814,,
Texas,1984,0.3611,0.6361,,0.362113919,0.637886081,,
Utah,1984,0.2468,0.745,,0.248840492,0.751159508,,
Vermont,1984,0.4081,0.5792,,0.413349539,0.586650461,,
Virginia,1984,0.3709,0.6229,,0.373213926,0.626786074,,
Washington,1984,0.4286,0.5582,,0.434333198,0.565666802,,
West Virginia,1984,0.446,0.5511,,0.447297162,0.552702838,,
Wisconsin,1984,0.4502,0.5419,,0.453784901,0.546215099,,
Wyoming,1984,0.2824,0.7051,,0.285974684,0.714025316,,
Alabama,1988,0.3986,0.5917,,0.402504292,0.597495708,,
Alaska,1988,0.3627,0.5959,,0.378364281,0.621635719,,
Arizona,1988,0.3874,0.5995,,0.392542304,0.607457696,,
Arkansas,1988,0.4219,0.5637,,0.428064123,0.571935877,,
California,1988,0.4756,0.5113,,0.481913061,0.518086939,,
Colorado,1988,0.4528,0.5306,,0.46044336,0.53955664,,
Connecticut,1988,0.4687,0.5198,,0.474152757,0.525847243,,
Delaware,1988,0.8265,0.143,,0.852501289,0.147498711,,
Washington DC,1988,0.4348,0.5588,,0.437600644,0.562399356,,
Florida,1988,0.3851,0.6087,,0.387502516,0.612497484,,
Georgia,1988,0.395,0.5875,,0.402035623,0.597964377,,
Hawaii,1988,0.5427,0.4475,,0.548071097,0.451928903,,
Idaho,1988,0.3601,0.6208,,0.367111836,0.632888164,,
Illinois,1988,0.486,0.5069,,0.489475274,0.510524726,,
Indiana,1988,0.3969,0.5984,,0.398774239,0.601225761,,
Iowa,1988,0.5471,0.445,,0.551456506,0.448543494,,
Kansas,1988,0.4256,0.5579,,0.432740214,0.567259786,,
Kentucky,1988,0.4388,0.5552,,0.441448692,0.558551308,,
Louisiana,1988,0.4406,0.5427,,0.448082986,0.551917014,,
Maine,1988,0.4388,0.5534,,0.442249546,0.557750454,,
Maryland,1988,0.482,0.5111,,0.485348907,0.514651093,,
Massachusetts,1988,0.5323,0.4538,,0.539803265,0.460196735,,
Michigan,1988,0.4567,0.5357,,0.460197501,0.539802499,,
Minnesota,1988,0.5291,0.459,,0.535472118,0.464527882,,
Mississippi,1988,0.3907,0.5989,,0.394805982,0.605194018,,
Missouri,1988,0.4784,0.5182,,0.480032109,0.519967891,,
Montana,1988,0.462,0.5207,,0.470133306,0.529866694,,
Nebraska,1988,0.3919,0.6016,,0.394464016,0.605535984,,
Nevada,1988,0.3792,0.5886,,0.391816491,0.608183509,,
New Hampshire,1988,0.3629,0.6241,,0.367679838,0.632320162,,
New Jersey,1988,0.426,0.5624,,0.430999595,0.569000405,,
New Mexico,1988,0.469,0.5186,,0.474888619,0.525111381,,
New York,1988,0.5162,0.4752,,0.520677829,0.479322171,,
North Carolina,1988,0.4171,0.5797,,0.418439005,0.581560995,,
North Dakota,1988,0.4297,0.5603,,0.434040404,0.565959596,,
Ohio,1988,0.4415,0.55,,0.445284922,0.554715078,,
Oklahoma,1988,0.4128,0.5793,,0.416087088,0.583912912,,
Oregon,1988,0.5128,0.4661,,0.523853305,0.476146695,,
Pennsylvania,1988,0.4839,0.507,,0.48834393,0.51165607,,
Rhode Island,1988,0.5564,0.4393,,0.558802852,0.441197148,,
South Carolina,1988,0.3758,0.615,,0.379289463,0.620710537,,
South Dakota,1988,0.4651,0.5285,,0.468095813,0.531904187,,
Tennessee,1988,0.4155,0.5789,,0.417839903,0.582160097,,
Texas,1988,0.4335,0.5595,,0.436555891,0.563444109,,
Utah,1988,0.3205,0.6622,,0.326142261,0.673857739,,
Vermont,1988,0.4758,0.511,,0.482164572,0.517835428,,
Virginia,1988,0.3923,0.5974,,0.396382742,0.603617258,,
Washington,1988,0.5005,0.4846,,0.508070247,0.491929753,,
West Virginia,1988,0.522,0.4746,,0.523780855,0.476219145,,
Wisconsin,1988,0.5141,0.478,,0.51819373,0.48180627,,
Wyoming,1988,0.3801,0.6053,,0.385731683,0.614268317,,
Alabama,1992,0.4088,0.4764,0.1085,0.461816539,0.538183461,,
Alaska,1992,0.3029,0.3946,0.2842,0.434265233,0.565734767,,
Arizona,1992,0.3652,0.3847,0.2379,0.486998266,0.513001734,,
Arkansas,1992,0.5321,0.3548,0.1043,0.599954899,0.400045101,,
California,1992,0.4601,0.3261,0.2062,0.585220046,0.414779954,,
Colorado,1992,0.4013,0.3587,0.2332,0.528026316,0.471973684,,
Connecticut,1992,0.4221,0.3578,0.2158,0.541223234,0.458776766,,
Delaware,1992,0.8464,0.091,0.0425,0.902922978,0.097077022,,
Washington DC,1992,0.4351,0.3531,0.2044,0.552017255,0.447982745,,
Florida,1992,0.39,0.4089,0.1982,0.488171235,0.511828765,,
Georgia,1992,0.4347,0.4288,0.1334,0.503416329,0.496583671,,
Hawaii,1992,0.4809,0.367,0.1422,0.567165939,0.432834061,,
Idaho,1992,0.2842,0.4203,0.2704,0.403406671,0.596593329,,
Illinois,1992,0.4858,0.3434,0.1664,0.585865895,0.414134105,,
Indiana,1992,0.3679,0.4291,0.1977,0.461606023,0.538393977,,
Iowa,1992,0.4328,0.3727,0.1871,0.537306021,0.462693979,,
Kansas,1992,0.3374,0.3888,0.2699,0.4646103,0.5353897,,
Kentucky,1992,0.4455,0.4134,0.1366,0.518686692,0.481313308,,
Louisiana,1992,0.4558,0.4097,0.1181,0.526632005,0.473367995,,
Maine,1992,0.3876,0.3039,0.3043,0.560520607,0.439479393,,
Maryland,1992,0.498,0.3562,0.1418,0.583001639,0.416998361,,
Massachusetts,1992,0.4754,0.2902,0.2274,0.620950888,0.379049112,,
Michigan,1992,0.4377,0.3638,0.193,0.546101061,0.453898939,,
Minnesota,1992,0.448,0.3185,0.2396,0.584474886,0.415525114,,
Mississippi,1992,0.4077,0.4968,0.0872,0.450746269,0.549253731,,
Missouri,1992,0.4407,0.3392,0.2169,0.565072445,0.434927555,,
Montana,1992,0.3763,0.3512,0.2611,0.517250859,0.482749141,,
Nebraska,1992,0.294,0.4656,0.2363,0.387045814,0.612954186,,
Nevada,1992,0.3736,0.3473,0.2618,0.518241088,0.481758912,,
New Hampshire,1992,0.3886,0.3764,0.2256,0.507973856,0.492026144,,
New Jersey,1992,0.4295,0.4058,0.1561,0.51418652,0.48581348,,
New Mexico,1992,0.459,0.3734,0.1612,0.551417588,0.448582412,,
New York,1992,0.4972,0.3388,0.1575,0.594736842,0.405263158,,
North Carolina,1992,0.4344,0.4265,0.137,0.504588222,0.495411778,,
North Dakota,1992,0.4422,0.3218,0.2307,0.578795812,0.421204188,,
Ohio,1992,0.4018,0.3835,0.2098,0.511651598,0.488348402,,
Oklahoma,1992,0.3402,0.4264,0.2301,0.44377772,0.55622228,,
Oregon,1992,0.4248,0.3253,0.2421,0.56632449,0.43367551,,
Pennsylvania,1992,0.4515,0.3613,0.182,0.555487205,0.444512795,,
Rhode Island,1992,0.4704,0.2902,0.2316,0.618459111,0.381540889,,
South Carolina,1992,0.3988,0.4802,0.1155,0.453697383,0.546302617,,
South Dakota,1992,0.3714,0.4066,0.218,0.477377892,0.522622108,,
Tennessee,1992,0.4708,0.4243,0.1008,0.525974751,0.474025249,,
Texas,1992,0.3708,0.4056,0.2201,0.477588872,0.522411128,,
Utah,1992,0.2465,0.4336,0.2734,0.362446699,0.637553301,,
Vermont,1992,0.4611,0.3042,0.2278,0.60250882,0.39749118,,
Virginia,1992,0.4059,0.4496,0.1362,0.47445938,0.52554062,,
Washington,1992,0.434,0.3196,0.2368,0.575902335,0.424097665,,
West Virginia,1992,0.4841,0.3539,0.1592,0.577684964,0.422315036,,
Wisconsin,1992,0.4113,0.3678,0.2151,0.527916827,0.472083173,,
Wyoming,1992,0.3398,0.3956,0.2556,0.462061463,0.537938537,,
Alabama,1996,0.4316,0.5012,6,0.462692967,0.537307033,,
Alaska,1996,0.3327,0.508,10.9,0.395741644,0.604258356,,
Arizona,1996,0.4652,0.4429,0.0798,0.512278383,0.487721617,,
Arkansas,1996,0.5374,0.368,0.079,0.593549812,0.406450188,,
California,1996,0.511,0.3821,0.0696,0.572164371,0.427835629,,
Colorado,1996,0.4443,0.458,0.0659,0.49240829,0.50759171,,
Connecticut,1996,0.5283,0.3469,0.1002,0.603633455,0.396366545,,
Delaware,1996,0.8519,0.0934,0.257,0.901195388,0.098804612,,
Washington DC,1996,0.5182,0.3658,0.106,0.586199095,0.413800905,,
Florida,1996,0.4802,0.4232,0.0912,0.531547487,0.468452513,,
Georgia,1996,0.4584,0.4701,0.0636,0.493699515,0.506300485,,
Hawaii,1996,0.5693,0.3164,0.076,0.642768432,0.357231568,,
Idaho,1996,0.3364,0.5218,0.1271,0.391983221,0.608016779,,
Illinois,1996,0.5431,0.3681,0.0803,0.596027217,0.403972783,,
Indiana,1996,0.4155,0.4713,0.105,0.468538566,0.531461434,,
Iowa,1996,0.5026,0.3992,0.0852,0.557329785,0.442670215,,
Kansas,1996,0.3608,0.5429,0.0862,0.399247538,0.600752462,,
Kentucky,1996,0.4584,0.4488,0.0867,0.505291005,0.494708995,,
Louisiana,1996,0.5201,0.3994,0.0691,0.565633496,0.434366504,,
Maine,1996,0.5162,0.3076,0.1419,0.6266084,0.3733916,,
Maryland,1996,0.5425,0.3827,0.065,0.586359706,0.413640294,,
Massachusetts,1996,0.6147,0.2808,0.0589,0.686432161,0.313567839,,
Michigan,1996,0.5169,0.3848,0.0875,0.573250527,0.426749473,,
Minnesota,1996,0.511,0.3496,0.1175,0.593771787,0.406228213,,
Mississippi,1996,0.4108,0.4921,0.0584,0.454978403,0.545021597,,
Missouri,1996,0.4754,0.4124,0.1006,0.535480964,0.464519036,,
Montana,1996,0.4123,0.4411,0.1356,0.483126318,0.516873682,,
Nebraska,1996,0.3495,0.5366,0.1052,0.394425008,0.605574992,,
Nevada,1996,0.4393,0.4291,0.0947,0.50587287,0.49412713,,
New Hampshire,1996,0.4932,0.3937,0.0969,0.556094261,0.443905739,,
New Jersey,1996,0.5372,0.3586,0.0852,0.59968743,0.40031257,,
New Mexico,1996,0.4918,0.4186,0.058,0.540202109,0.459797891,,
New York,1996,0.5947,0.3061,0.0797,0.660190941,0.339809059,,
North Carolina,1996,0.4404,0.4873,0.0568,0.474722432,0.525277568,,
North Dakota,1996,0.4013,0.4694,0.122,0.460893534,0.539106466,,
Ohio,1996,0.4738,0.4102,0.1066,0.535972851,0.464027149,,
Oklahoma,1996,0.4045,0.4826,0.1084,0.45598016,0.54401984,,
Oregon,1996,0.4715,0.3906,0.879,0.546920311,0.453079689,,
Pennsylvania,1996,0.4917,0.3997,0.0956,0.551604218,0.448395782,,
Rhode Island,1996,0.5971,0.2682,0.112,0.690049694,0.309950306,,
South Carolina,1996,0.4396,0.4979,0.0559,0.468906667,0.531093333,,
South Dakota,1996,0.4303,0.4649,0.0965,0.48067471,0.51932529,,
Tennessee,1996,0.48,0.4559,0.0559,0.512875307,0.487124693,,
Texas,1996,0.4383,0.4876,0.0674,0.473377255,0.526622745,,
Utah,1996,0.333,0.5437,0.0998,0.379833466,0.620166534,,
Vermont,1996,0.5335,0.3109,0.12,0.631809569,0.368190431,,
Virginia,1996,0.4515,0.471,0.0662,0.489430894,0.510569106,,
Washington,1996,0.4984,0.373,0.0892,0.571953179,0.428046821,,
West Virginia,1996,0.515,0.3676,0.1126,0.583503286,0.416496714,,
Wisconsin,1996,0.4881,0.3848,0.1035,0.559170581,0.440829419,,
Wyoming,1996,0.3684,0.4981,0.1226,0.425158684,0.574841316,,
Alabama,2000,56.48,41.57,1.1,0.423967364,0.576032636,,
Alaska,2000,58.62,27.67,10.07,0.320662881,0.679337119,,
Arizona,2000,51.02,44.73,2.98,0.467154047,0.532845953,,
Arkansas,2000,51.31,45.86,1.46,0.471956365,0.528043635,,
California,2000,41.65,53.45,3.82,0.562039958,0.437960042,,
Colorado,2000,50.75,42.39,5.25,0.455121323,0.544878677,,
Connecticut,2000,38.44,55.91,4.42,0.592580816,0.407419184,,
Delaware,2000,8.95,85.16,5.24,0.904898523,0.095101477,,
Washington DC,2000,41.9,54.96,2.54,0.56741689,0.43258311,,
Florida,2000,48.85,48.84,1.63,0.499948818,0.500051182,,
Georgia,2000,54.67,42.98,1.4,0.440143369,0.559856631,,
Hawaii,2000,37.46,55.79,5.88,0.598284182,0.401715818,,
Idaho,2000,67.17,27.64,2.45,0.291530429,0.708469571,,
Illinois,2000,42.58,54.6,2.19,0.561844001,0.438155999,,
Indiana,2000,56.65,41.01,0.84,0.419926275,0.580073725,,
Iowa,2000,48.22,48.54,2.23,0.501653576,0.498346424,,
Kansas,2000,58.04,37.24,3.36,0.390848027,0.609151973,,
Kentucky,2000,56.5,41.37,1.5,0.422703586,0.577296414,,
Louisiana,2000,52.55,44.88,1.16,0.460638407,0.539361593,,
Maine,2000,43.97,49.09,5.7,0.527509134,0.472490866,,
Maryland,2000,40.18,56.57,2.65,0.584702842,0.415297158,,
Massachusetts,2000,32.5,59.8,6.42,0.647887324,0.352112676,,
Michigan,2000,46.15,51.28,1.99,0.526326593,0.473673407,,
Minnesota,2000,45.5,47.9,5.2,0.512847966,0.487152034,,
Mississippi,2000,57.62,40.7,0.82,0.413954434,0.586045566,,
Missouri,2000,50.42,47.08,1.63,0.482871795,0.517128205,,
Montana,2000,58.44,33.36,5.94,0.363398693,0.636601307,,
Nebraska,2000,62.24,33.25,3.52,0.348204,0.651796,,
Nevada,2000,49.52,45.98,2.46,0.481465969,0.518534031,,
New Hampshire,2000,46.8,48.07,3.9,0.50669337,0.49330663,,
New Jersey,2000,40.29,56.12,2.97,0.582097293,0.417902707,,
New Mexico,2000,47.85,47.91,3.55,0.500313283,0.499686717,,
New York,2000,35.23,60.21,3.58,0.630867561,0.369132439,,
North Carolina,2000,56.03,43.2,0.42,0.435352212,0.564647788,,
North Dakota,2000,60.66,33.06,3.29,0.352752881,0.647247119,,
Ohio,2000,49.97,46.46,2.5,0.48180027,0.51819973,,
Oklahoma,2000,60.31,38.43,,0.38920397,0.61079603,,
Oregon,2000,46.52,46.96,5.04,0.502353445,0.497646555,,
Pennsylvania,2000,46.43,50.6,2.1,0.5214882,0.4785118,,
Rhode Island,2000,31.91,60.99,6.12,0.656512379,0.343487621,,
South Carolina,2000,56.84,40.9,1.46,0.418457131,0.581542869,,
South Dakota,2000,60.3,37.56,1.05,0.383813611,0.616186389,,
Tennessee,2000,51.15,47.28,0.95,0.480341359,0.519658641,,
Texas,2000,59.3,37.98,2.15,0.390419408,0.609580592,,
Utah,2000,66.83,26.34,4.65,0.282709027,0.717290973,,
Vermont,2000,50.63,40.7,6.92,0.445636702,0.554363298,,
Virginia,2000,52.47,44.44,2.17,0.458569807,0.541430193,,
Washington,2000,44.58,50.16,4.14,0.529449018,0.470550982,,
West Virginia,2000,51.92,45.59,1.65,0.467541791,0.532458209,,
Wisconsin,2000,47.61,47.83,3.62,0.501152557,0.498847443,,
Wyoming,2000,67.76,27.7,2.12,0.290173895,0.709826105,,
Alabama,2008,0.603,0.387,0.01,0.390909091,0.609090909,,
Alaska,2008,0.594,0.379,0.027,0.389516958,0.610483042,,
Arizona,2008,0.536,0.451,0.013,0.456940223,0.543059777,,
Arkansas,2008,0.587,0.389,0.024,0.398565574,0.601434426,,
California,2008,0.37,0.61,0.02,0.62244898,0.37755102,,
Colorado,2008,0.447,0.537,0.016,0.545731707,0.454268293,,
Connecticut,2008,0.382,0.606,0.012,0.613360324,0.386639676,,
Delaware,2008,0.37,0.619,0.011,0.625884732,0.374115268,,
Washington DC,2008,0.065,0.925,0.01,0.934343434,0.065656566,,
Florida,2008,0.482,0.51,0.008,0.514112903,0.485887097,,
Georgia,2008,0.522,0.47,0.008,0.473790323,0.526209677,,
Hawaii,2008,0.266,0.719,0.015,0.729949239,0.270050761,,
Idaho,2008,0.615,0.361,0.024,0.369877049,0.630122951,,
Illinois,2008,0.368,0.619,0.013,0.627152989,0.372847011,,
Indiana,2008,0.5,0.489,0.011,0.494438827,0.505561173,,
Iowa,2008,0.444,0.539,0.017,0.548321465,0.451678535,,
Kansas,2008,0.566,0.417,0.017,0.424211597,0.575788403,,
Kentucky,2008,0.574,0.412,0.014,0.417849899,0.582150101,,
Louisiana,2008,0.586,0.399,0.015,0.405076142,0.594923858,,
Maine,2008,0.404,0.577,0.019,0.588175331,0.411824669,,
Maryland,2008,0.365,0.619,0.016,0.629065041,0.370934959,,
Massachusetts,2008,0.36,0.618,0.022,0.63190184,0.36809816,,
Michigan,2008,0.41,0.574,0.016,0.583333333,0.416666667,,
Minnesota,2008,0.438,0.541,0.021,0.552604699,0.447395301,,
Mississippi,2008,0.562,0.43,0.008,0.433467742,0.566532258,,
Missouri,2008,0.494,0.493,0.013,0.499493414,0.500506586,,
Montana,2008,0.495,0.473,0.032,0.488636364,0.511363636,,
Nebraska,2008,0.565,0.416,0.019,0.424057085,0.575942915,,
Nevada,2008,0.427,0.552,0.021,0.563840654,0.436159346,,
New Hampshire,2008,0.445,0.541,0.014,0.548681542,0.451318458,,
New Jersey,2008,0.417,0.573,0.01,0.578787879,0.421212121,,
New Mexico,2008,0.418,0.569,0.013,0.576494428,0.423505572,,
New York,2008,0.36,0.629,0.011,0.635995956,0.364004044,,
North Carolina,2008,0.494,0.497,0.009,0.501513623,0.498486377,,
North Dakota,2008,0.533,0.446,0.021,0.455566905,0.544433095,,
Ohio,2008,0.469,0.515,0.016,0.523373984,0.476626016,,
Oklahoma,2008,0.657,0.343,0,0.343,0.657,,
Oregon,2008,0.404,0.568,0.028,0.58436214,0.41563786,,
Pennsylvania,2008,0.442,0.545,0.013,0.552178318,0.447821682,,
Rhode Island,2008,0.351,0.629,0.02,0.641836735,0.358163265,,
South Carolina,2008,0.539,0.449,0.012,0.454453441,0.545546559,,
South Dakota,2008,0.532,0.448,0.02,0.457142857,0.542857143,,
Tennessee,2008,0.569,0.418,0.013,0.423505572,0.576494428,,
Texas,2008,0.555,0.437,0.008,0.440524194,0.559475806,,
Utah,2008,0.626,0.344,0.03,0.354639175,0.645360825,,
Vermont,2008,0.305,0.675,0.02,0.68877551,0.31122449,,
Virginia,2008,0.463,0.526,0.011,0.531850354,0.468149646,,
Washington,2008,0.405,0.577,0.018,0.587576375,0.412423625,,
West Virginia,2008,0.557,0.426,0.017,0.433367243,0.566632757,,
Wisconsin,2008,0.423,0.562,0.015,0.570558376,0.429441624,,
Wyoming,2008,0.648,0.325,0.027,0.334018499,0.665981501,,
Alabama,2004,0.625,0.368,,0.370594159,0.629405841,,
Alaska,2004,0.611,0.355,,0.367494824,0.632505176,,
Arizona,2004,0.549,0.444,,0.447129909,0.552870091,,
Arkansas,2004,0.543,0.446,,0.450960566,0.549039434,,
California,2004,0.444,0.543,,0.550151976,0.449848024,,
Colorado,2004,0.517,0.47,,0.476190476,0.523809524,,
Connecticut,2004,0.543,0.44,,0.447609359,0.552390641,,
Delaware,2004,0.458,0.544,,0.542914172,0.457085828,,
Washington DC,2004,0.093,0.892,,0.905583756,0.094416244,,
Florida,2004,0.521,0.471,,0.474798387,0.525201613,,
Georgia,2004,0.58,0.414,,0.416498994,0.583501006,,
Hawaii,2004,0.453,0.54,,0.543806647,0.456193353,,
Idaho,2004,0.684,0.303,,0.306990881,0.693009119,,
Illinois,2004,0.445,0.548,,0.551863041,0.448136959,,
Indiana,2004,0.599,0.393,,0.396169355,0.603830645,,
Iowa,2004,0.499,0.492,,0.496468214,0.503531786,,
Kansas,2004,0.62,0.366,,0.371196755,0.628803245,,
Kentucky,2004,0.596,0.397,,0.39979859,0.60020141,,
Louisiana,2004,0.567,0.422,,0.42669363,0.57330637,,
Maine,2004,0.446,0.536,,0.545824847,0.454175153,,
Maryland,2004,0.429,0.559,,0.565789474,0.434210526,,
Massachusetts,2004,0.368,0.619,,0.627152989,0.372847011,,
Michigan,2004,0.478,0.512,,0.517171717,0.482828283,,
Minnesota,2004,0.476,0.511,,0.517730496,0.482269504,,
Mississippi,2004,0.595,0.398,,0.400805639,0.599194361,,
Missouri,2004,0.533,0.461,,0.463782696,0.536217304,,
Montana,2004,0.591,0.386,,0.395087001,0.604912999,,
Nebraska,2004,0.659,0.327,,0.331643002,0.668356998,,
Nevada,2004,0.505,0.479,,0.486788618,0.513211382,,
New Hampshire,2004,0.489,0.502,,0.506559031,0.493440969,,
New Jersey,2004,0.462,0.529,,0.533804238,0.466195762,,
New Mexico,2004,0.498,0.495,,0.498489426,0.501510574,,
New York,2004,0.401,0.584,,0.592893401,0.407106599,,
North Carolina,2004,0.436,0.56,,0.562248996,0.437751004,,
North Dakota,2004,0.629,0.355,,0.360772358,0.639227642,,
Ohio,2004,0.508,0.487,,0.489447236,0.510552764,,
Oklahoma,2004,0.656,0.344,,0.344,0.656,,
Oregon,2004,0.472,0.514,,0.521298174,0.478701826,,
Pennsylvania,2004,0.484,0.509,,0.512588117,0.487411883,,
Rhode Island,2004,0.387,0.594,,0.605504587,0.394495413,,
South Carolina,2004,0.58,0.409,,0.413549039,0.586450961,,
South Dakota,2004,0.599,0.384,,0.390640895,0.609359105,,
Tennessee,2004,0.568,0.425,,0.427995972,0.572004028,,
Texas,2004,0.611,0.382,,0.38469285,0.61530715,,
Utah,2004,0.715,0.26,,0.266666667,0.733333333,,
Vermont,2004,0.388,0.589,,0.602865916,0.397134084,,
Virginia,2004,0.537,0.455,,0.458669355,0.541330645,,
Washington,2004,0.456,0.528,,0.536585366,0.463414634,,
West Virginia,2004,0.561,0.432,,0.435045317,0.564954683,,
Wisconsin,2004,0.493,0.497,,0.502020202,0.497979798,,
Wyoming,2004,0.689,0.291,,0.296938776,0.703061224,,
Alabama,2012,0.606,0.384,,0.387878788,0.612121212,,
Alaska,2012,0.548,0.408,,0.426778243,0.573221757,,
Arizona,2012,0.537,0.446,,0.453713123,0.546286877,,
Arkansas,2012,0.606,0.369,,0.378461538,0.621538462,,
California,2012,0.371,0.602,,0.618705036,0.381294964,,
Colorado,2012,0.461,0.515,,0.527663934,0.472336066,,
Connecticut,2012,0.407,0.581,,0.58805668,0.41194332,,
Delaware,2012,0.4,0.586,,0.594320487,0.405679513,,
Washington DC,2012,0.073,0.909,,0.925661914,0.074338086,,
Florida,2012,0.491,0.5,,0.504540868,0.495459132,,
Georgia,2012,0.533,0.455,,0.460526316,0.539473684,,
Hawaii,2012,0.278,0.706,,0.717479675,0.282520325,,
Idaho,2012,0.645,0.326,,0.335736354,0.664263646,,
Illinois,2012,0.407,0.576,,0.585961343,0.414038657,,
Indiana,2012,0.541,0.439,,0.447959184,0.552040816,,
Iowa,2012,0.462,0.52,,0.529531568,0.470468432,,
Kansas,2012,0.597,0.378,,0.387692308,0.612307692,,
Kentucky,2012,0.605,0.378,,0.384537131,0.615462869,,
Louisiana,2012,0.578,0.406,,0.412601626,0.587398374,,
Maine,2012,0.41,0.563,,0.578622816,0.421377184,,
Maryland,2012,0.359,0.62,,0.633299285,0.366700715,,
Massachusetts,2012,0.375,0.607,,0.618126273,0.381873727,,
Michigan,2012,0.447,0.542,,0.548028311,0.451971689,,
Minnesota,2012,0.45,0.527,,0.539406346,0.460593654,,
Mississippi,2012,0.553,0.438,,0.4419778,0.5580222,,
Missouri,2012,0.538,0.444,,0.452138493,0.547861507,,
Montana,2012,0.554,0.417,,0.429454171,0.570545829,,
Nebraska,2012,0.598,0.38,,0.388548057,0.611451943,,
Nevada,2012,0.457,0.524,,0.534148828,0.465851172,,
New Hampshire,2012,0.464,0.52,,0.528455285,0.471544715,,
New Jersey,2012,0.406,0.583,,0.589484328,0.410515672,,
New Mexico,2012,0.428,0.53,,0.553235908,0.446764092,,
New York,2012,0.352,0.634,,0.643002028,0.356997972,,
North Carolina,2012,0.504,0.484,,0.489878543,0.510121457,,
North Dakota,2012,0.583,0.387,,0.398969072,0.601030928,,
Ohio,2012,0.477,0.507,,0.515243902,0.484756098,,
Oklahoma,2012,0.668,0.332,,0.332,0.668,,
Oregon,2012,0.422,0.542,,0.562240664,0.437759336,,
Pennsylvania,2012,0.466,0.52,,0.527383367,0.472616633,,
Rhode Island,2012,0.352,0.627,,0.640449438,0.359550562,,
South Carolina,2012,0.546,0.441,,0.446808511,0.553191489,,
South Dakota,2012,0.579,0.399,,0.40797546,0.59202454,,
Tennessee,2012,0.595,0.391,,0.396551724,0.603448276,,
Texas,2012,0.572,0.414,,0.419878296,0.580121704,,
Utah,2012,0.728,0.248,,0.254098361,0.745901639,,
Vermont,2012,0.31,0.666,,0.682377049,0.317622951,,
Virginia,2012,0.473,0.512,,0.519796954,0.480203046,,
Washington,2012,0.413,0.562,,0.576410256,0.423589744,,
West Virginia,2012,0.623,0.355,,0.362985685,0.637014315,,
Wisconsin,2012,0.459,0.528,,0.534954407,0.465045593,,
Wyoming,2012,0.686,0.278,,0.288381743,0.711618257,,
Alabama,2016,0.621,0.344,,0.356476684,0.643523316,,
Alaska,2016,0.513,0.366,,0.583617747,0.416382253,,
Arizona,2016,0.49,0.455,,0.518518519,0.481481481,,
Arkansas,2016,0.606,0.337,,0.642629905,0.357370095,,
California,2016,0.316,0.617,,0.33869239,0.66130761,,
Colorado,2016,0.433,0.482,,0.473224044,0.526775956,,
Connecticut,2016,0.409,0.546,,0.428272251,0.571727749,,
Delaware,2016,0.419,0.534,,0.439664218,0.560335782,,
Washington DC,2016,0.041,0.909,,0.043157895,0.956842105,,
Florida,2016,0.49,0.478,,0.506198347,0.493801653,,
Georgia,2016,0.511,0.459,,0.526804124,0.473195876,,
Hawaii,2016,0.3,0.662,,0.311850312,0.688149688,,
Idaho,2016,0.592,0.275,,0.682814302,0.317185698,,
Illinois,2016,0.388,0.558,,0.410147992,0.589852008,,
Indiana,2016,0.569,0.378,,0.600844773,0.399155227,,
Iowa,2016,0.512,0.417,,0.551130248,0.448869752,,
Kansas,2016,0.566,0.36,,0.611231102,0.388768898,,
Kentucky,2016,0.625,0.327,,0.656512605,0.343487395,,
Louisiana,2016,0.581,0.385,,0.601449275,0.398550725,,
Maine,2016,0.449,0.478,,0.484358145,0.515641855,,
Maryland,2016,0.339,0.603,,0.359872611,0.640127389,,
Massachusetts,2016,0.328,0.6,,0.353448276,0.646551724,,
Michigan,2016,0.475,0.473,,0.501054852,0.498945148,,
Minnesota,2016,0.449,0.464,,0.491785323,0.508214677,,
Mississippi,2016,0.579,0.401,,0.590816327,0.409183673,,
Missouri,2016,0.568,0.381,,0.598524763,0.401475237,,
Montana,2016,0.56,0.36,,0.608695652,0.391304348,,
Nebraska,2016,0.599,0.344,,0.635206787,0.364793213,,
Nevada,2016,0.455,0.479,,0.487152034,0.512847966,,
New Hampshire,2016,0.465,0.468,,0.498392283,0.501607717,,
New Jersey,2016,0.414,0.555,,0.427244582,0.572755418,,
New Mexico,2016,0.4,0.483,,0.453001133,0.546998867,,
New York,2016,0.365,0.59,,0.382198953,0.617801047,,
North Carolina,2016,0.498,0.462,,0.51875,0.48125,,
North Dakota,2016,0.63,0.272,,0.698447894,0.301552106,,
Ohio,2016,0.517,0.435,,0.543067227,0.456932773,,
Oklahoma,2016,0.653,0.289,,0.693205945,0.306794055,,
Oregon,2016,0.391,0.501,,0.438340807,0.561659193,,
Pennsylvania,2016,0.486,0.479,,0.503626943,0.496373057,,
Rhode Island,2016,0.389,0.544,,0.41693462,0.58306538,,
South Carolina,2016,0.549,0.407,,0.574267782,0.425732218,,
South Dakota,2016,0.615,0.317,,0.659871245,0.340128755,,
Tennessee,2016,0.607,0.347,,0.636268344,0.363731656,,
Texas,2016,0.522,0.432,,0.547169811,0.452830189,,
Utah,2016,0.455,0.275,,0.623287671,0.376712329,,
Vermont,2016,0.303,0.567,,0.348275862,0.651724138,,
Virginia,2016,0.444,0.498,,0.47133758,0.52866242,,
Washington,2016,0.381,0.543,,0.412337662,0.587662338,,
West Virginia,2016,0.686,0.265,,0.721345952,0.278654048,,
Wisconsin,2016,0.472,0.465,,0.503735326,0.496264674,,
Wyoming,2016,0.682,0.219,,0.756936737,0.243063263,,
